{"cameraMode":{"drawMode":0,"name":"Shaded","section":"Shading Mode"},"sceneLighting":true,"audioPlay":false,"sceneViewState":{"showFog":true,"showMaterialUpdate":false,"showSkybox":true,"showFlares":true,"showImageEffects":true,"showParticleSystems":true},"in2DMode":false,"pivot":{"x":-3.1236438751220705,"y":-6.563026428222656,"z":40.64863204956055},"rotation":{"x":-0.23072835803031922,"y":0.532249927520752,"z":-0.15351684391498567,"w":-0.7999419569969177},"size":55.88176345825195,"orthographic":false}