{"cameraMode":{"drawMode":0,"name":"Shaded","section":"Shading Mode"},"sceneLighting":true,"audioPlay":false,"sceneViewState":{"showFog":true,"showMaterialUpdate":false,"showSkybox":true,"showFlares":true,"showImageEffects":true,"showParticleSystems":true},"in2DMode":false,"pivot":{"x":-0.41336509585380556,"y":0.0,"z":4.805151462554932},"rotation":{"x":-0.6832186579704285,"y":0.016425078734755517,"z":-0.015374954789876938,"w":-0.729867160320282},"size":24.292720794677736,"orthographic":true}