{"cameraMode":{"drawMode":0,"name":"Shaded","section":"Shading Mode"},"sceneLighting":true,"audioPlay":false,"sceneViewState":{"showFog":true,"showMaterialUpdate":false,"showSkybox":true,"showFlares":true,"showImageEffects":true,"showParticleSystems":true},"in2DMode":false,"pivot":{"x":-5.0125041007995609,"y":1.7419928312301636,"z":6.857138633728027},"rotation":{"x":-0.6832186579704285,"y":0.016425078734755517,"z":-0.015374954789876938,"w":-0.729867160320282},"size":38.48671340942383,"orthographic":true}