{"cameraMode":{"drawMode":0,"name":"Shaded","section":"Shading Mode"},"sceneLighting":true,"audioPlay":false,"sceneViewState":{"showFog":true,"showMaterialUpdate":false,"showSkybox":true,"showFlares":true,"showImageEffects":true,"showParticleSystems":true},"in2DMode":false,"pivot":{"x":-9.429604530334473,"y":1.7419943809509278,"z":6.658233642578125},"rotation":{"x":-0.6832186579704285,"y":0.016425078734755517,"z":-0.015374954789876938,"w":-0.729867160320282},"size":10.76075553894043,"orthographic":true}